date,reported_cases
2026-01-01,50
2026-01-02,57
2026-01-03,65
2026-01-04,75
2026-01-05,85
2026-01-06,97
2026-01-07,111
2026-01-08,127
2026-01-09,145
2026-01-10,166
2026-01-11,189
2026-01-12,216
2026-01-13,247
2026-01-14,281
2026-01-15,321
2026-01-16,366
2026-01-17,418
2026-01-18,477
2026-01-19,543
2026-01-20,619
2026-01-21,705
2026-01-22,803
2026-01-23,913
2026-01-24,1038
2026-01-25,1180
2026-01-26,1340
2026-01-27,1520
2026-01-28,1722
2026-01-29,1949
2026-01-30,2202
2026-01-31,2485
2026-02-01,2800
2026-02-02,3149
2026-02-03,3533
2026-02-04,3955
2026-02-05,4416
2026-02-06,4915
2026-02-07,5454
2026-02-08,6030
2026-02-09,6640
2026-02-10,7281
2026-02-11,7947
2026-02-12,8630
2026-02-13,9321
2026-02-14,10011
2026-02-15,10686
2026-02-16,11335
2026-02-17,11944
2026-02-18,12500
2026-02-19,12991
2026-02-20,13405
2026-02-21,13735
2026-02-22,13974
2026-02-23,14117
2026-02-24,14164
2026-02-25,14116
2026-02-26,13979
2026-02-27,13757
2026-02-28,13459
2026-03-01,13095
2026-03-02,12674
2026-03-03,12206
2026-03-04,11702
2026-03-05,11171
2026-03-06,10623
2026-03-07,10065
2026-03-08,9504
2026-03-09,8947
2026-03-10,8399
2026-03-11,7864
2026-03-12,7346
2026-03-13,6848
2026-03-14,6370
2026-03-15,5916
2026-03-16,5484
2026-03-17,5077
2026-03-18,4694
2026-03-19,4334
2026-03-20,3997
2026-03-21,3682
2026-03-22,3390
2026-03-23,3117
2026-03-24,2865
2026-03-25,2631
2026-03-26,2415
2026-03-27,2215
2026-03-28,2030
2026-03-29,1860
2026-03-30,1704
2026-03-31,1560
2026-04-01,1427
2026-04-02,1306
2026-04-03,1194
2026-04-04,1092
2026-04-05,998
2026-04-06,912
2026-04-07,834
2026-04-08,761
2026-04-09,696
2026-04-10,635
2026-04-11,580
2026-04-12,529
2026-04-13,483
2026-04-14,441
2026-04-15,403
2026-04-16,367
2026-04-17,335
2026-04-18,306
2026-04-19,279
2026-04-20,255
2026-04-21,232
2026-04-22,212
2026-04-23,193
2026-04-24,176
2026-04-25,161
2026-04-26,147
2026-04-27,134
2026-04-28,122
2026-04-29,111
2026-04-30,101
2026-05-01,93
2026-05-02,84
2026-05-03,77
2026-05-04,70
2026-05-05,64
2026-05-06,58
2026-05-07,53
2026-05-08,49
2026-05-09,44
2026-05-10,40
2026-05-11,37
